city,number,link,description,year
Belo Horizonte,001,http://portalpbh.pbh.gov.br/pbh/ecp/files.do?evento=download&urlArqPlc=res_001-92.pdf,Aprova o Plano Municipal de Saúde de 1992.,1992
Belo Horizonte,186,http://portalpbh.pbh.gov.br/pbh/ecp/files.do?evento=download&urlArqPlc=res_186-06.pdf,Aprova o Plano Municipal de Saúde de Belo Horizonte 2005/2008.,2006
Belo Horizonte,187,http://portalpbh.pbh.gov.br/pbh/ecp/files.do?evento=download&urlArqPlc=res_187-06.pdf,Aprova o projeto do curso de formação de Agentes Comunitários de Saúde.,2006
Belo Horizonte,188,http://portalpbh.pbh.gov.br/pbh/ecp/files.do?evento=download&urlArqPlc=res_188-06.pdf,Aprova o pré-projeto Programa Participação Popular e Intersetorialidade na Reforma Sanitária e no Sistema Único de Saúde.,2006
Belo Horizonte,189,http://portalpbh.pbh.gov.br/pbh/ecp/files.do?evento=download&urlArqPlc=res_189-06.pdf,Aprova o pré-projeto de capacitação de pessoal (profissionais e controle social) para a assistência ao parto e nascimento.,2006
Belo Horizonte,190,http://portalpbh.pbh.gov.br/pbh/ecp/files.do?evento=download&urlArqPlc=res_190-06.pdf,Aprova as plenárias para renovação do Conselho Municipal de Saúde de Belo Horizonte para o biênio 2006 a julho/2008.,2006
Belo Horizonte,191,http://portalpbh.pbh.gov.br/pbh/ecp/files.do?evento=download&urlArqPlc=res_191-062.pdf,Aprova a formação da Comissão Interinstitucional de Saúde Humana na sua Relação com os Animais.,2006
Belo Horizonte,192,http://portalpbh.pbh.gov.br/pbh/ecp/files.do?evento=download&urlArqPlc=res_192-06.pdf,"Aprova o relatório financeiro do Hospital Municipal Odilon Behrens e o relatório do Fundo Municipal de Saúde da SMSA, referente ao ano de 2005.",2006
Belo Horizonte,193,http://portalpbh.pbh.gov.br/pbh/ecp/files.do?evento=download&urlArqPlc=res_193-06.pdf,"Aprova os relatórios de gestão do Fundo Municipal de Saúde de Belo Horizonte e do Hospital Municipal Odilon Behrens, referente ao ano 2005.",2006
Belo Horizonte,194,http://portalpbh.pbh.gov.br/pbh/ecp/files.do?evento=download&urlArqPlc=res_194-06.pdf,Aprova o Projeto Global de Saúde Bucal da Secretaria Municipal de Saúde de Belo Horizonte para o período de 2006 a 2008,2006
Belo Horizonte,195,http://portalpbh.pbh.gov.br/pbh/ecp/files.do?evento=download&urlArqPlc=res_195-06.pdf,Aprova o Projeto de Atendimento às Crises e Hospitalidade Noturna nos serviços de saúde mental.,2006
Belo Horizonte,196,http://portalpbh.pbh.gov.br/pbh/ecp/files.do?evento=download&urlArqPlc=res_196-06.pdf,"Aprova a Proposta Orçamentária do Fundo Municipal de Saúde de Belo Horizonte, para exercício financeiro de 2007.",2006
Belo Horizonte,197,http://portalpbh.pbh.gov.br/pbh/ecp/files.do?evento=download&urlArqPlc=res_197-06.pdf,Aprova a proposta orçamentária do Hospital Municipal Odilon Behrens para exercício financeiro de 2007.,2006
Belo Horizonte,198,http://portalpbh.pbh.gov.br/pbh/ecp/files.do?evento=download&urlArqPlc=res_198-06.pdf,Regulamenta o funcionamento das Secretarias Executivas dos Conselhos Distritais de Saúde.,2006
Belo Horizonte,199,http://portalpbh.pbh.gov.br/pbh/ecp/files.do?evento=download&urlArqPlc=res_199-06.pdf,Aprova o Plano de Ações e Metas DST/AIDS da Secretaria Municipal de Saúde de Belo Horizonte.,2006
Belo Horizonte,151,http://portalpbh.pbh.gov.br/pbh/ecp/files.do?evento=download&urlArqPlc=res_151-05.pdf,Aprova o projeto para aquisição de equipamentos destinados ao Núcleo de Cirurgia Ambulatorial do PAM Sagrada Família.,2005
Belo Horizonte,152,http://portalpbh.pbh.gov.br/pbh/ecp/files.do?evento=download&urlArqPlc=res_152-05.pdf,"Aprova o contrato entre Secretaria Municipal de Saúde e Organizações Não Governamentais de proteção animal para realização de cirurgias, registro, vacinação anti-rábica e atividade educativa sobre posse responsável.",2005
Belo Horizonte,153,http://portalpbh.pbh.gov.br/pbh/ecp/files.do?evento=download&urlArqPlc=res_153-05.pdf, Aprova que a Secretaria Municipal de Saúde deve fornecer estrutura aos conselhos distritais e que os funcionários dos conselhos distritais de saúde sejam selecionados pelo respectivo Conselho Distrital de Saúde.,2005
Belo Horizonte,154,http://portalpbh.pbh.gov.br/pbh/ecp/files.do?evento=download&urlArqPlc=res_154-05.pdf,"Aprova que a Secretaria Municipal de Saúde de Belo Horizonte faça trimestralmente, a apresentação de gastos com medicamentos para as câmaras técnicas de Controle Avaliação, Municipalização e Financiamento.",2005
Belo Horizonte,155,http://portalpbh.pbh.gov.br/pbh/ecp/files.do?evento=download&urlArqPlc=res_155-05.pdf,Aprova a realização de auditoria externa na Gerência de Assistência Farmacêutica da Secretaria Municipal de Saúde.,2005
Belo Horizonte,156,http://portalpbh.pbh.gov.br/pbh/ecp/files.do?evento=download&urlArqPlc=res_156-05.pdf,Aprova que a Assembléia Legislativa do Estado de Minas Gerais na prorrogue o prazo de doação do prédio do Cardiominas ao Hospital Santa Casa de Belo Horizonte.,2005
Belo Horizonte,157,http://portalpbh.pbh.gov.br/pbh/ecp/files.do?evento=download&urlArqPlc=res_157-05.pdf,Aprova que a Secretaria Municipal de Saúde de Belo Horizonte não repasse recursos financeiros do Fundo Municipal de Saúde à Santa Casa de BH para implantação do CEM no Cardiominas.,2005
Belo Horizonte,158,http://portalpbh.pbh.gov.br/pbh/ecp/files.do?evento=download&urlArqPlc=res_158-05.pdf,Aprova que a Secretaria Municipal de Saúde apresente ao CMS a proposta orçamentária do Fundo Municipal de Saúde de forma didática.,2005
Belo Horizonte,159,http://portalpbh.pbh.gov.br/pbh/ecp/files.do?evento=download&urlArqPlc=res_159-05.pdf,Não aprova a implantação do programa das farmácias populares em Belo Horizonte.,2005
Belo Horizonte,160,http://portalpbh.pbh.gov.br/pbh/ecp/files.do?evento=download&urlArqPlc=res_160-05.pdf,Aprova que os recursos financeiros federais destinados às ações da Vigilância Sanitária sejam utilizados para custeio de transporte dos fiscais sanitários de Belo Horizonte.,2005
Belo Horizonte,161,http://portalpbh.pbh.gov.br/pbh/ecp/files.do?evento=download&urlArqPlc=res_161-05.pdf,"Aprova a nomeação dos aprovados no concurso para fiscais sanitários, realizado em 13/05/2000.",2005
Belo Horizonte,162,http://portalpbh.pbh.gov.br/pbh/ecp/files.do?evento=download&urlArqPlc=res_162-05.pdf,Aprova a implantação de uma equipe de saúde bucal para cada equipe do Programa Saúde Família.,2005
Belo Horizonte,163,http://portalpbh.pbh.gov.br/pbh/ecp/files.do?evento=download&urlArqPlc=res_163-05.pdf,Aprova a implantação do Projeto Global das Especialidades Médicas.,2005
Belo Horizonte,164,http://portalpbh.pbh.gov.br/pbh/ecp/files.do?evento=download&urlArqPlc=res_164-05.pdf,"Solicita a Assembléia Legislativa do Estado de Minas Gerais, a tramitação da auditoria sobre a construção do Cardiominas.",2005
Belo Horizonte,165,http://portalpbh.pbh.gov.br/pbh/ecp/files.do?evento=download&urlArqPlc=res_165-05.pdf,Aprova a não prorrogação do prazo de doação do prédio do Cardiominas ao Hospital Santa Casa de Belo Horizonte e que não do Fundo Municipal de Saúde para esta finalidade.,2005
Belo Horizonte,166,http://portalpbh.pbh.gov.br/pbh/ecp/files.do?evento=download&urlArqPlc=res_166-052.pdf,"Assegura a realização da plenária municipal de conselheiras  municipais, distritais e locais de Saúde",2005
Belo Horizonte,167,http://portalpbh.pbh.gov.br/pbh/ecp/files.do?evento=download&urlArqPlc=res_167-05.pdf,Aprova que a Secretaria Municipal de Saúde mantenha o repasse de recursos mensais ao Hospital Sofia Feldman.,2005
Belo Horizonte,168,http://portalpbh.pbh.gov.br/pbh/ecp/files.do?evento=download&urlArqPlc=res_168-05.pdf,Aprova os projetos apresentados pela Coordenação DST/AIDS para implantação/implementação de serviços de assistência aos portadores de HIV/AIDS.,2005
Belo Horizonte,169,http://portalpbh.pbh.gov.br/pbh/ecp/files.do?evento=download&urlArqPlc=res_169-05.pdf,Aprova o projeto Qualisus.,2005
Belo Horizonte,170,http://portalpbh.pbh.gov.br/pbh/ecp/files.do?evento=download&urlArqPlc=res_170-05.pdf,Aprova o reajuste do vale-refeição destinado aos conselheiros municipais de saúde.,2005
Belo Horizonte,171,http://portalpbh.pbh.gov.br/pbh/ecp/files.do?evento=download&urlArqPlc=res_171-05.pdf,Aprova o regulamento da II Conferência Municipal de Saúde do Trabalhador de Belo Horizonte.,2005
Belo Horizonte,172,http://portalpbh.pbh.gov.br/pbh/ecp/files.do?evento=download&urlArqPlc=res_172-05.pdf,Aprova a criação de uma comissão com o objetivo de acompanhar as negociações entre a Secretaria Municipal de Saúde de Belo Horizonte e a Fundação Hospitalar de Minas Gerais para a concretização da municipalização da UAPU Leste.,2005
Belo Horizonte,173,http://portalpbh.pbh.gov.br/pbh/ecp/files.do?evento=download&urlArqPlc=res_173-05.pdf,"Aprova os Relatórios de Gestão do Fundo Municipal de Saúde e do Hospital Odilon Behrens, referente ao ano de 2004.",2005
Belo Horizonte,174,http://portalpbh.pbh.gov.br/pbh/ecp/files.do?evento=download&urlArqPlc=res_174-05.pdf,Aprova o relatório financeiro do Hospital Odilon Behrens/PBH e do Fundo Municipal de Saúde/SMSA referente ao exercício financeiro de 2004.,2005
Belo Horizonte,175,http://portalpbh.pbh.gov.br/pbh/ecp/files.do?evento=download&urlArqPlc=res_175-05.pdf,"Aprova o reajuste do vale-refeição, destinado aos conselheiros municipais de saúde.",2005
Belo Horizonte,176,http://portalpbh.pbh.gov.br/pbh/ecp/files.do?evento=download&urlArqPlc=res_176-05.pdf,"Aprova a Proposta Orçamentária do Fundo Municipal de Saúde e da Secretaria Municipal de Saúde, para o exercício financeiro de 2006.",2005
Belo Horizonte,177,http://portalpbh.pbh.gov.br/pbh/ecp/files.do?evento=download&urlArqPlc=res_177-05.pdf,"Prorroga o período de vigência das resoluções: 097/2002, 122/2003, 126/2004 e 136/2004.",2005
Belo Horizonte,178,http://portalpbh.pbh.gov.br/pbh/ecp/files.do?evento=download&urlArqPlc=res_178-05.pdf,"Aprova o pré-projeto Promoção do Parto Normal no Centro de Parto Doutor David Capistrano, do Hospital Sofia Feldman.",2005
Belo Horizonte,179,http://portalpbh.pbh.gov.br/pbh/ecp/files.do?evento=download&urlArqPlc=res_179-05.pdf,Aprova o regulamento da Iº Conferência Municipal de Gestão do Trabalho e da Educação em Saúde de Belo Horizonte.,2005
Belo Horizonte,180,http://portalpbh.pbh.gov.br/pbh/ecp/files.do?evento=download&urlArqPlc=res_180-05.pdf,Aprova a formação da Comissão Interinstitucional de Saúde do Trabalhador.,2005
Belo Horizonte,181,http://portalpbh.pbh.gov.br/pbh/ecp/files.do?evento=download&urlArqPlc=res_181-05.pdf,Aprova a Proposta Orçamentária do Hospital Municipal Odilon Behrens para o exercício financeiro de 2006.,2005
Belo Horizonte,182,http://portalpbh.pbh.gov.br/pbh/ecp/files.do?evento=download&urlArqPlc=res_182-05.pdf,"Aprova o Plano de Ações e Metas DST/AIDS da Secretaria Municipal de Saúde, referente ao ano de 2006.",2005
Belo Horizonte,183,http://portalpbh.pbh.gov.br/pbh/ecp/files.do?evento=download&urlArqPlc=res_183-05.pdf,Aprova os pré-projetos do Hospital da Baleia solicitados ao Ministério da Saúde/Fundo Municipal de Saúde.,2005
Belo Horizonte,184,http://portalpbh.pbh.gov.br/pbh/ecp/files.do?evento=download&urlArqPlc=res_184-05.pdf,Aprova o Projeto de Controle Populacional de Cães e Gatos.,2005
Belo Horizonte,185,http://portalpbh.pbh.gov.br/pbh/ecp/files.do?evento=download&urlArqPlc=res_185-05.pdf,Aprova a liberação de recursos financeiros pelo Ministério da Saúde para a Corporação de Médicos Católicos – Hospital São Francisco de Assis para aquisição de material permanente.,2005
Belo Horizonte,125,http://portalpbh.pbh.gov.br/pbh/ecp/files.do?evento=download&urlArqPlc=res_125-04.pdf,"Aprova modificações no Plano de Ações e Metas/2003 do Programa de DST/AIDS, da Secretaria Municipal de Saúde.",2004
Belo Horizonte,126,http://portalpbh.pbh.gov.br/pbh/ecp/files.do?evento=download&urlArqPlc=res_126-04.pdf,Altera as Resoluções 097/2002 e 122/2003,2004
Belo Horizonte,127,http://portalpbh.pbh.gov.br/pbh/ecp/files.do?evento=download&urlArqPlc=res_127-04.pdf,"Complementa e modifica as resoluções 012/96, 048/00, 058/00 e  acrescenta atribuições a Comissão Municipal de DST/AIDS.",2004
Belo Horizonte,128,http://portalpbh.pbh.gov.br/pbh/ecp/files.do?evento=download&urlArqPlc=res_128-04.pdf,"Cria uma comissão para acompanhar o processo de internação de paciente na rede hospitalar pública, privada e filantrópica conveniada ao SUS de Belo Horizonte.",2004
Belo Horizonte,129,http://portalpbh.pbh.gov.br/pbh/ecp/files.do?evento=download&urlArqPlc=res_129-04.pdf,Aprova o remanejamento das equipes do Programa Saúde da Família.,2004
Belo Horizonte,130,http://portalpbh.pbh.gov.br/pbh/ecp/files.do?evento=download&urlArqPlc=res_130-04.pdf,Aprova o regulamento da I Conferência Municipal de Saúde Bucal de Belo Horizonte.,2004
Belo Horizonte,131,http://portalpbh.pbh.gov.br/pbh/ecp/files.do?evento=download&urlArqPlc=res_131-04.pdf,Aprova a manutenção da Política de Saúde Mental.,2004
Belo Horizonte,132,http://portalpbh.pbh.gov.br/pbh/ecp/files.do?evento=download&urlArqPlc=res_132-04.pdf,Investigação sobre as alterações no número de equipes do Programa de Saúde de Belo Horizonte.,2004
Belo Horizonte,133,http://portalpbh.pbh.gov.br/pbh/ecp/files.do?evento=download&urlArqPlc=res_133-04.pdf,Solicita à Prefeitura a nomeação dos Psicólogos aprovados no concurso realizado em 2000.,2004
Belo Horizonte,134,,Aprova e rever o processo de avaliação de desempenho gerencial.,2004
Belo Horizonte,135,http://portalpbh.pbh.gov.br/pbh/ecp/files.do?evento=download&urlArqPlc=res_135-04.pdf,"Aprova os relatórios de Gestão e Financeiro do Fundo Municipal de Saúde e do Hospital Municipal Odilon Behrens, referente ao ano de 2003.",2004
Belo Horizonte,136,http://portalpbh.pbh.gov.br/pbh/ecp/files.do?evento=download&urlArqPlc=res_136-04.pdf,"Prorroga a vigência das resoluções 097/2002, 122/03 e 126/2004.",2004
Belo Horizonte,137,http://portalpbh.pbh.gov.br/pbh/ecp/files.do?evento=download&urlArqPlc=res_137-04.pdf,"Autoriza o pagamento do serviço Gama Probe na Pesquisa de Linfonodo Sentinela Complementar a Linfocintilografia, em pacientes com Câncer de Mama e da Pele (Melanoma).",2004
Belo Horizonte,138,http://portalpbh.pbh.gov.br/pbh/ecp/files.do?evento=download&urlArqPlc=res_138-04.pdf,"Cria de uma Comissão para negociar com o Secretario Municipal de Saúde o retorno de gerentes a suas atividades nos centros de saúde Sagrada Família, Vila Imperial, Floramar I e Jardim Felicidade.",2004
Belo Horizonte,139,http://portalpbh.pbh.gov.br/pbh/ecp/files.do?evento=download&urlArqPlc=res_139-04.pdf,"Autoriza o pagamento aos prestadores de serviço, período de 13/09/2003 à 13/09/2004 dos exames Teste Ergométrico, Holter e Ecocardiograma.",2004
Belo Horizonte,140,http://portalpbh.pbh.gov.br/pbh/ecp/files.do?evento=download&urlArqPlc=res_140-04.pdf,"Aprova o Plano de Ações e Metas DST/AIDS, referente aos anos de 2004 e 2005.",2004
Belo Horizonte,141,http://portalpbh.pbh.gov.br/pbh/ecp/files.do?evento=download&urlArqPlc=res_141-04.pdf,Aprova a proposta orçamentária do Fundo Municipal de Saúde/Secretaria Municipal de Saúde.,2004
Belo Horizonte,142,http://portalpbh.pbh.gov.br/pbh/ecp/files.do?evento=download&urlArqPlc=res_142-04.pdf,Aprova a Proposta Orçamentária do Hospital Municipal Odilon Behrens/PBH para o exercício financeiro de 2005.,2004
Belo Horizonte,143,http://portalpbh.pbh.gov.br/pbh/ecp/files.do?evento=download&urlArqPlc=res_143-04.pdf,"Aprova o Projeto Amigo do SUS nas unidades básicas de saúde de Belo Horizonte, com participação conselhos distritais e comissões locais.",2004
Belo Horizonte,144,http://portalpbh.pbh.gov.br/pbh/ecp/files.do?evento=download&urlArqPlc=res_144-04.pdf,Aprova o Plano Municipal para Redução da Mortalidade Materna e Neonatal.,2004
Belo Horizonte,145,http://portalpbh.pbh.gov.br/pbh/ecp/files.do?evento=download&urlArqPlc=res_145-04.pdf,Aprova a preparação e aplicação de um treinamento básico.,2004
Belo Horizonte,146,http://portalpbh.pbh.gov.br/pbh/ecp/files.do?evento=download&urlArqPlc=res_146-04.pdf,Aprova o credenciamento do Hospital Felício Rocho para realização de tratamento cirúrgico de Epilepsia no SUS/BH.,2004
Belo Horizonte,147,http://portalpbh.pbh.gov.br/pbh/ecp/files.do?evento=download&urlArqPlc=res_147-04.pdf,Aprova a solicitação do Hospital da Baleia/Fundação Benjamin Guimarães ao Fundo Nacional de Saúde/Ministério da Saúde.,2004
Belo Horizonte,148,http://portalpbh.pbh.gov.br/pbh/ecp/files.do?evento=download&urlArqPlc=res_148-04.pdf,"Aprova a realização de mutirões de cirurgias eletivas nas especialidades de Ortopedia e Otorrinolaringologia, conforme proposta apresentada pela Secretaria Municipal de Saúde.",2004
Belo Horizonte,149,http://portalpbh.pbh.gov.br/pbh/ecp/files.do?evento=download&urlArqPlc=res_149-04.pdf,Aprova a ampliação do sistema de esgotamento sanitário de Belo Horizonte para o aglomerado.,2004
Belo Horizonte,150,http://portalpbh.pbh.gov.br/pbh/ecp/files.do?evento=download&urlArqPlc=res_150-04.pdf,Aprova as modificações propostas na revisão do Plano de Ações e Metas e DST/AIDS para 2004.,2004
Belo Horizonte,105,http://portalpbh.pbh.gov.br/pbh/ecp/files.do?evento=download&urlArqPlc=res_105-032.pdf,Cria da Comissão Municipal da Reforma Psiquiátrica.,2003
Belo Horizonte,106,http://portalpbh.pbh.gov.br/pbh/ecp/files.do?evento=download&urlArqPlc=res_106-03.pdf,"Aprova os relatórios de gestão e financeiro do Fundo Municipal de Saúde de Belo Horizonte, referente ao ano de 2001.",2003
Belo Horizonte,107,http://portalpbh.pbh.gov.br/pbh/ecp/files.do?evento=download&urlArqPlc=res_107-03.pdf,Aprova a proposta de regulação da porta de entrada das unidades de urgência e emergência de Belo Horizonte.,2003
Belo Horizonte,108,http://portalpbh.pbh.gov.br/pbh/ecp/files.do?evento=download&urlArqPlc=res_108-03.pdf,Prorroga da vigência da Resolução 097/2002.,2003
Belo Horizonte,109,http://portalpbh.pbh.gov.br/pbh/ecp/files.do?evento=download&urlArqPlc=res_109-03.pdf,Atendimento da reivindicação salarial da rede municipal de saúde de Belo Horizonte.,2003
Belo Horizonte,110,http://portalpbh.pbh.gov.br/pbh/ecp/files.do?evento=download&urlArqPlc=res_110-03.pdf,Aprova o projeto Conselho na Praça.,2003
Belo Horizonte,111,http://portalpbh.pbh.gov.br/pbh/ecp/files.do?evento=download&urlArqPlc=res_111-03.pdf,"Aprova o plano de ações e metas DST/AIDS da Secretaria Municipal de Saúde de Belo Horizonte, referente a 2003.",2003
Belo Horizonte,112,http://portalpbh.pbh.gov.br/pbh/ecp/files.do?evento=download&urlArqPlc=res_112-03.pdf,Aprova a Programação Pactuada Integrada.,2003
Belo Horizonte,113,http://portalpbh.pbh.gov.br/pbh/ecp/files.do?evento=download&urlArqPlc=res_113-03.pdf,Aprova o Programa Municipal de Expansão do Programa Saúde da Família – PROESF para Belo Horizonte.,2003
Belo Horizonte,114,http://portalpbh.pbh.gov.br/pbh/ecp/files.do?evento=download&urlArqPlc=res_114-03.pdf,Aprova que a Secretaria Municipal de Saúde faça uma auditoria financeira na Santa Casa.,2003
Belo Horizonte,115,http://portalpbh.pbh.gov.br/pbh/ecp/files.do?evento=download&urlArqPlc=res_115-03.pdf,Aprova o regulamento da VIII Conferência Municipal de Saúde de Belo Horizonte.,2003
Belo Horizonte,116,http://portalpbh.pbh.gov.br/pbh/ecp/files.do?evento=download&urlArqPlc=res_116-03.pdf,Aprova o projeto de atendimento à saúde da população carcerária.,2003
Belo Horizonte,117,http://portalpbh.pbh.gov.br/pbh/ecp/files.do?evento=download&urlArqPlc=res_117-03.pdf,Aprova o Relatório de Gestão e Financeiro do Fundo Municipal de Saúde de Belo Horizonte e Relatório de Gestão do Hospital Odilon Behrens.,2003
Belo Horizonte,118,http://portalpbh.pbh.gov.br/pbh/ecp/files.do?evento=download&urlArqPlc=res_118-03.pdf,Aprova os relatórios de Gestão e Financeiro do Fundo Municipal de Saúde de Belo Horizonte referente ao ano 2003.,2003
Belo Horizonte,119,http://portalpbh.pbh.gov.br/pbh/ecp/files.do?evento=download&urlArqPlc=res_119-03.pdf,Aprova a Proposta Orçamentária do Fundo Municipal de Saúde/Secretaria Municipal de Saúde de Belo Horizonte e do Hospital Municipal Odilon Behrens para o exercício financeiro de 2004.,2003
Belo Horizonte,120,http://portalpbh.pbh.gov.br/pbh/ecp/files.do?evento=download&urlArqPlc=res_120-03.pdf,Aprova a criação de conselhos de saúde nos hospitais públicos e solicita que Secretaria Municipal de Saúde de Belo Horizonte faça uma auditoria nos hospitais filantrópicos da rede SUS/BH.,2003
Belo Horizonte,121,http://portalpbh.pbh.gov.br/pbh/ecp/files.do?evento=download&urlArqPlc=res_121-03.pdf,Aprova projetos apresentados pelo Hospital da Baleia para obter recursos financeiros junto ao Ministério da Saúde.,2003
Belo Horizonte,122,http://portalpbh.pbh.gov.br/pbh/ecp/files.do?evento=download&urlArqPlc=res_122-03.pdf,Prorroga a vigência da Resolução do Conselho Municipal de Saúde 097/2002.,2003
Belo Horizonte,123,http://portalpbh.pbh.gov.br/pbh/ecp/files.do?evento=download&urlArqPlc=res_123-03.pdf,Aprova o Projeto de Atenção Integral às Urgências.,2003
Belo Horizonte,124,http://portalpbh.pbh.gov.br/pbh/ecp/files.do?evento=download&urlArqPlc=res_124-03.pdf,Aprova o Projeto de Implementação do Centro de Controle de Zoonoses.,2003
Belo Horizonte,079,http://portalpbh.pbh.gov.br/pbh/ecp/files.do?evento=download&urlArqPlc=res_079-02.pdf,Aprova a realização de auditoria no Programa Saúde Bucal da SMSA.,2002
Belo Horizonte,080,http://portalpbh.pbh.gov.br/pbh/ecp/files.do?evento=download&urlArqPlc=res_080-02.pdf,Aprova implantação de equipes do Programa Saúde da Família no SUS/BH.,2002
Belo Horizonte,081,http://portalpbh.pbh.gov.br/pbh/ecp/files.do?evento=download&urlArqPlc=res_081-02.pdf,Aprova o regulamento da I Conferência Municipal de Medicamentos e Assistência Farmacêutica de Belo Horizonte.,2002
Belo Horizonte,082,http://portalpbh.pbh.gov.br/pbh/ecp/files.do?evento=download&urlArqPlc=res_082-02.pdf,Aprova o planejamento detalhado para a consolidação do projeto de saúde mental da SMSA até 2004.,2002
Belo Horizonte,083,http://portalpbh.pbh.gov.br/pbh/ecp/files.do?evento=download&urlArqPlc=res_083-02.pdf,Aprova o regulamento da VII Conferência Municipal de Saúde de Belo Horizonte.,2002
Belo Horizonte,084,http://portalpbh.pbh.gov.br/pbh/ecp/files.do?evento=download&urlArqPlc=res_084-02.pdf,"Aprova a Proposta Pactuada Integrada da Epidemiologia e Controle de Doenças, referente a 2002.",2002
Belo Horizonte,085,http://portalpbh.pbh.gov.br/pbh/ecp/files.do?evento=download&urlArqPlc=res_085-02.pdf,Aprova a inclusão do item 04 na Resolução do CMS/BH 011/96 sobre o formato do relatório financeiro do fundo Municipal de Saúde.,2002
Belo Horizonte,086,http://portalpbh.pbh.gov.br/pbh/ecp/files.do?evento=download&urlArqPlc=res_086-02.pdf,Aprova uma comissão para elaboração das diretrizes do processo de eleição de gerentes das unidades de saúde da Secretaria Municipal de Saúde.,2002
Belo Horizonte,087,http://portalpbh.pbh.gov.br/pbh/ecp/files.do?evento=download&urlArqPlc=res_087-02.pdf,"Confirma a condição de gestão plena do Sistema Municipal de Saúde, pela SMSA.",2002
Belo Horizonte,088,http://portalpbh.pbh.gov.br/pbh/ecp/files.do?evento=download&urlArqPlc=res_088-02.pdf,Aprova o aumento de 15% no valor da bolsa de desospitalização psiquiátrica.,2002
Belo Horizonte,089,http://portalpbh.pbh.gov.br/pbh/ecp/files.do?evento=download&urlArqPlc=res_089-02.pdf,Aprova a realização de Auditoria na Central de Marcação de Consultas especializadas e de exames laboratoriais de análises clínicas.,2002
Belo Horizonte,090,http://portalpbh.pbh.gov.br/pbh/ecp/files.do?evento=download&urlArqPlc=res_090-02.pdf,Aprova a realização de uma auditoria na Central de Internação da SMSA.,2002
Belo Horizonte,091,http://portalpbh.pbh.gov.br/pbh/ecp/files.do?evento=download&urlArqPlc=res_091-02.pdf,Aprova a adesão do município de Belo Horizonte ao Programa Bolsa Alimentação do Ministério da Saúde.,2002
Belo Horizonte,092,http://portalpbh.pbh.gov.br/pbh/ecp/files.do?evento=download&urlArqPlc=res_092-02.pdf,Aprova a implantação de mais 450 equipes do Programa de Saúde da Família em Belo Horizonte.,2002
Belo Horizonte,093,http://portalpbh.pbh.gov.br/pbh/ecp/files.do?evento=download&urlArqPlc=res_093-02.pdf,Publica a composição da comissão de elaboração das diretrizes do processo de eleição de gerentes das unidades de saúde da SMSA.,2002
Belo Horizonte,094,http://portalpbh.pbh.gov.br/pbh/ecp/files.do?evento=download&urlArqPlc=res_094-02.pdf,Aprova as diretrizes gerais das eleições diretas para gerentes das unidades da SMSA.,2002
Belo Horizonte,095,http://portalpbh.pbh.gov.br/pbh/ecp/files.do?evento=download&urlArqPlc=res_095-02.pdf,Suspende as atividades de caráter deliberativo do CMSBH e solicita uma auditoria no Fundo Municipal de Saúde.,2002
Belo Horizonte,096,http://portalpbh.pbh.gov.br/pbh/ecp/files.do?evento=download&urlArqPlc=res_096-02.pdf,Concede a Evaristo Garcia de Mattos o título de conselheiro honorário do Conselho Municipal de Saúde de Belo Horizonte.,2002
Belo Horizonte,098,http://portalpbh.pbh.gov.br/pbh/ecp/files.do?evento=download&urlArqPlc=res_098-02.pdf,Solicita a nomeação dos fiscais sanitários aprovados no concurso de13/05/2000.,2002
Belo Horizonte,099,http://portalpbh.pbh.gov.br/pbh/ecp/files.do?evento=download&urlArqPlc=res_099-02.pdf,Não aprova a abertura de licitatório para contratação de trabalhadores por meio de empresas terceirizadas na área de saúde em Belo Horizonte sem prévia discussão com o CMSBH.,2002
Belo Horizonte,100,http://portalpbh.pbh.gov.br/pbh/ecp/files.do?evento=download&urlArqPlc=res_100-02.pdf,Inclusão do Fundo Municipal de Saúde sendo o Secretário Municipal de Saúde responsável pela gestão do Fundo Municipal de Saúde.,2002
Belo Horizonte,101,http://portalpbh.pbh.gov.br/pbh/ecp/files.do?evento=download&urlArqPlc=res_101-02.pdf,"Aprova o Relatório de Gestão e Financeiro do Fundo Municipal e Financeiro do Hospital Odilon Behrens, do ano 2000.",2002
Belo Horizonte,102,http://portalpbh.pbh.gov.br/pbh/ecp/files.do?evento=download&urlArqPlc=res_102-02.pdf,"Aprova a Proposta Orçamentária do Fundo Municipal de Saúde, para exercício financeiro de 2003.",2002
Belo Horizonte,103,http://portalpbh.pbh.gov.br/pbh/ecp/files.do?evento=download&urlArqPlc=res_103-02.pdf,Aprova implantação do Centro de Referência Secundária em Diabetes Mellitus e Hipertensão Arterial no PAM Padre Eustáquio.,2002
Belo Horizonte,104,http://portalpbh.pbh.gov.br/pbh/ecp/files.do?evento=download&urlArqPlc=res_104-02.pdf,Cria a carteira de identificação para conselheiros municipais de saúde de Belo Horizonte.,2002
Belo Horizonte,068,http://portalpbh.pbh.gov.br/pbh/ecp/files.do?evento=download&urlArqPlc=res_068-01.pdf,Aprova a realização de uma auditoria sobre a questão dos medicamentos na capital.,2001
Belo Horizonte,069,http://portalpbh.pbh.gov.br/pbh/ecp/files.do?evento=download&urlArqPlc=res_069-01.pdf,Não aprova a contratação de funcionários empresas terceirizadas.,2001
Belo Horizonte,070,http://portalpbh.pbh.gov.br/pbh/ecp/files.do?evento=download&urlArqPlc=res_070-01.pdf,"Revoga a Portaria da SMSA/SUS/BH, nº. 38 de 03/12/1998.",2001
Belo Horizonte,071,http://portalpbh.pbh.gov.br/pbh/ecp/files.do?evento=download&urlArqPlc=res_071-01.pdf,Aprova o Plano Municipal de Saúde para o quadriênio 2001/2004.,2001
Belo Horizonte,072,http://portalpbh.pbh.gov.br/pbh/ecp/files.do?evento=download&urlArqPlc=res_072-01.pdf,"Aprova os indicadores da atenção básica do SUS/BH, a serem pactuados pelos municípios com mais de 80.000 habitantes.",2001
Belo Horizonte,073,http://portalpbh.pbh.gov.br/pbh/ecp/files.do?evento=download&urlArqPlc=res_073-01.pdf,Referenda a realização da I Conferência Municipal de Águas e Saneamento Básico.,2001
Belo Horizonte,074,http://portalpbh.pbh.gov.br/pbh/ecp/files.do?evento=download&urlArqPlc=res_074-01.pdf,Aprova a convocação das Conferências Municipal e Distritais de Saúde Mental.,2001
Belo Horizonte,075,http://portalpbh.pbh.gov.br/pbh/ecp/files.do?evento=download&urlArqPlc=res_075-01.pdf,Aprova a Agenda Municipal de Saúde Belo Horizonte para 2001.,2001
Belo Horizonte,076,http://portalpbh.pbh.gov.br/pbh/ecp/files.do?evento=download&urlArqPlc=res_076-01.pdf,Delibera pela instalação do Centro de Medicina Física e Reabilitação no PAM Padre Eustáquio.,2001
Belo Horizonte,077,http://portalpbh.pbh.gov.br/pbh/ecp/files.do?evento=download&urlArqPlc=res_077-01.pdf,Aprova o regulamento do processo de seleção de Agentes Comunitários de Saúde.,2001
Belo Horizonte,078,http://portalpbh.pbh.gov.br/pbh/ecp/files.do?evento=download&urlArqPlc=res_078-01.pdf,"Aprova a formação de uma comissão para acompanhar o andamento do último concurso para preenchimento de cargos de fiscais sanitários, postura, obras e meio ambiente.",2001
Belo Horizonte,043,http://portalpbh.pbh.gov.br/pbh/ecp/files.do?evento=download&urlArqPlc=res_043-00.pdf,Aprova o projeto BH-VIDA.,2000
Belo Horizonte,044,http://portalpbh.pbh.gov.br/pbh/ecp/files.do?evento=download&urlArqPlc=res_044-00.pdf,Aprova a proposta de alteração dos preços da tabela SIA-SUS para Otorrinolaringologia.,2000
Belo Horizonte,045,http://portalpbh.pbh.gov.br/pbh/ecp/files.do?evento=download&urlArqPlc=res_045-00.pdf,"Aprova o relatório financeiro do Fundo Municipal de Saúde de Belo Horizonte, referente ao período de janeiro a dezembro de 1998.",2000
Belo Horizonte,046,http://portalpbh.pbh.gov.br/pbh/ecp/files.do?evento=download&urlArqPlc=res_046-00.pdf,"Aprova que no Relatório Financeiro do Fundo Municipal de Saúde de Belo Horizonte, todas as dívidas acumuladas e a relação dos respectivos credores; esclarecimento sobre os critérios adotados para pagamento dos débitos.",2000
Belo Horizonte,047,http://portalpbh.pbh.gov.br/pbh/ecp/files.do?evento=download&urlArqPlc=res_047-00.pdf,Aprova a criação de uma comissão de integração entre a Secretaria Municipal de Saúde de Belo Horizonte e a Fundação Hospitalar do Estado de Minas Gerais. (FHEMIG).,2000
Belo Horizonte,048,http://portalpbh.pbh.gov.br/pbh/ecp/files.do?evento=download&urlArqPlc=res_048-00.pdf,Modifica a composição da Comissão Municipal de DST/AIDS.,2000
Belo Horizonte,049,http://portalpbh.pbh.gov.br/pbh/ecp/files.do?evento=download&urlArqPlc=res_049-00.pdf,"Aprova a organização de um seminário com participação de representantes do Fórum Mineiro de Saúde Mental, para discutirem as propostas e as estratégias do Programa.",2000
Belo Horizonte,051,http://portalpbh.pbh.gov.br/pbh/ecp/files.do?evento=download&urlArqPlc=res_051-00.pdf,Aprova a Minuta de convênio de cooperação mútua entre o município de Belo Horizonte e os hospitais conveniados ao SUS/BH para realização de cirurgias eletivas de Otorrinolaringologia.,2000
Belo Horizonte,052,http://portalpbh.pbh.gov.br/pbh/ecp/files.do?evento=download&urlArqPlc=res_052-00.pdf,Aprova e propõe alterações na proposta de Resolução apresentada pelo Conselho Municipal de Assistência Social sobre entidades beneficente da área de saúde.,2000
Belo Horizonte,053,http://portalpbh.pbh.gov.br/pbh/ecp/files.do?evento=download&urlArqPlc=res_053-00.pdf,Convocação a II Plenária Municipal de Saúde e as Plenárias Distritais de Saúde de Belo Horizonte.,2000
Belo Horizonte,054,http://portalpbh.pbh.gov.br/pbh/ecp/files.do?evento=download&urlArqPlc=res_054-00.pdf,Aprova o Programa de Atenção à Saúde do Idoso da Secretaria Municipal de Saúde de Belo Horizonte.,2000
Belo Horizonte,055,http://portalpbh.pbh.gov.br/pbh/ecp/files.do?evento=download&urlArqPlc=res_055-00.pdf,"Aprova a habilitação de Belo Horizonte na Programação Pactuada Integrada, para assumir a Gestão de Ações Epidemiologia e Controle de Doenças no município.",2000
Belo Horizonte,056,http://portalpbh.pbh.gov.br/pbh/ecp/files.do?evento=download&urlArqPlc=res_056-00.pdf,Aprova o Anti-Projeto de Lei de Regulamentação das Comissões Internas de Prevenção de Acidentes na Prefeitura de Belo Horizonte.,2000
Belo Horizonte,057,http://portalpbh.pbh.gov.br/pbh/ecp/files.do?evento=download&urlArqPlc=res_057-00.pdf,Aprova o Projeto do Programa de Agentes Comunitários de Saúde.,2000
Belo Horizonte,058,http://portalpbh.pbh.gov.br/pbh/ecp/files.do?evento=download&urlArqPlc=res_058-00.pdf,Complementa e modifica a Resolução 048/1998.,2000
Belo Horizonte,059,http://portalpbh.pbh.gov.br/pbh/ecp/files.do?evento=download&urlArqPlc=res_059-00.pdf,"Aprova o Relatório Financeiro do Fundo Municipal de Saúde de Belo Horizonte, referente ao período de janeiro a dezembro de 1999.",2000
Belo Horizonte,060,http://portalpbh.pbh.gov.br/pbh/ecp/files.do?evento=download&urlArqPlc=res_060-00.pdf,Aprova que consta no Relatório de Gestão do Fundo Municipal de Saúde de Belo Horizonte uma análise crítica do Relatório Financeiro da Secretaria Municipal de Saúde em uma linguagem simples.,2000
Belo Horizonte,061,http://portalpbh.pbh.gov.br/pbh/ecp/files.do?evento=download&urlArqPlc=res_061-00.pdf,Aprova a Proposta Orçamentária do Fundo Municipal de Saúde para o ano 2001.,2000
Belo Horizonte,062,http://portalpbh.pbh.gov.br/pbh/ecp/files.do?evento=download&urlArqPlc=res_062-00.pdf,Aprova o Plano Nacional e Municipal de Combate às Carências Nutricionais referente ao ano de 2001.,2000
Belo Horizonte,063,http://portalpbh.pbh.gov.br/pbh/ecp/files.do?evento=download&urlArqPlc=res_063-00.pdf,Aprova a criação de mecanismo especial para a redução da demanda reprimida na área de Cirurgias Cardiovasculares.,2000
Belo Horizonte,064,http://portalpbh.pbh.gov.br/pbh/ecp/files.do?evento=download&urlArqPlc=res_064-00.pdf,Aprova a criação de mecanismos especiais para atendimento Oftalmológico.,2000
Belo Horizonte,065,http://portalpbh.pbh.gov.br/pbh/ecp/files.do?evento=download&urlArqPlc=res_065-00.pdf,Instituir a Mesa Permanente de Negociação do SUS.,2000
Belo Horizonte,066,http://portalpbh.pbh.gov.br/pbh/ecp/files.do?evento=download&urlArqPlc=res_066-00.pdf,Aprova o Relatório de Gestão do Fundo Municipal de Saúde de referente ao ano de 1999.,2000
Belo Horizonte,067,http://portalpbh.pbh.gov.br/pbh/ecp/files.do?evento=download&urlArqPlc=res_067-00.pdf,Aprova o Programa de Desospitalização Psiquiátrica do SUS/BH.,2000
Belo Horizonte,032,http://portalpbh.pbh.gov.br/pbh/ecp/files.do?evento=download&urlArqPlc=res_032-99.pdf,Autoriza que a Secretaria Municipal de Saúde oriente os prestadores de serviços sobre cobrança em fatura de procedimentos.,1999
Belo Horizonte,033,http://portalpbh.pbh.gov.br/pbh/ecp/files.do?evento=download&urlArqPlc=res_033-99.pdf,Compra de exames para portadores de imunodeficiência primária,1999
Belo Horizonte,034,http://portalpbh.pbh.gov.br/pbh/ecp/files.do?evento=download&urlArqPlc=res_034-99.pdf,Cria Farmácia de Manipulação da Secretaria Municipal de Saúde e recomendação da discussão do organograma da Secretaria Municipal de Saúde Belo Horizonte.,1999
Belo Horizonte,035,http://portalpbh.pbh.gov.br/pbh/ecp/files.do?evento=download&urlArqPlc=res_035-99.pdf,"Destitui do cargo de Presidente do Conselho Municipal de Saúde de Belo Horizonte, o Secretário Municipal de Saúde, Maurílio Malagutti Mendonça e da posse do secretario geral, Roberto dos Santos a cargo de presidente, até nova eleição.",1999
Belo Horizonte,036,http://portalpbh.pbh.gov.br/pbh/ecp/files.do?evento=download&urlArqPlc=res_036-99.pdf,"Inclui Belo Horizonte através dos hospitais no Sistema Hospitalar de Atendimento a Gestante de Alto Risco, da Secretaria de Estado de Saúde.",1999
Belo Horizonte,037,http://portalpbh.pbh.gov.br/pbh/ecp/files.do?evento=download&urlArqPlc=res_037-99.pdf,Aprova o Plano de Assistência Farmacêutica Básica para o município de Belo Horizonte.,1999
Belo Horizonte,038,http://portalpbh.pbh.gov.br/pbh/ecp/files.do?evento=download&urlArqPlc=res_038-99.pdf,"Aprova a primeira fase do Projeto VIGIUS do Ministério da Saúde em 1999, 2000, 2001, referente à Belo Horizonte.",1999
Belo Horizonte,039,http://portalpbh.pbh.gov.br/pbh/ecp/files.do?evento=download&urlArqPlc=res_039-99.pdf,Elege da Mesa Diretora do Conselho Municipal de Saúde de 01/07/1999 e 01/07/2000.,1999
Belo Horizonte,040,http://portalpbh.pbh.gov.br/pbh/ecp/files.do?evento=download&urlArqPlc=res_040-99.pdf,Aprova a Proposta Orçamentária do Fundo de Saúde para o ano 2000.,1999
Belo Horizonte,041,http://portalpbh.pbh.gov.br/pbh/ecp/files.do?evento=download&urlArqPlc=res_041-99.pdf,Solicita o cumprimento da legislação sobre a proteção e recuperação da saúde e normatização complementar dos procedimentos relativos à saúde.,1999
Belo Horizonte,021,http://portalpbh.pbh.gov.br/pbh/ecp/files.do?evento=download&urlArqPlc=res_021-98.pdf,Aprova a prestação de contas por todas as instituições que tiveram convênios pelo CMS e orientações para aprovação de novos convênios,1998
Belo Horizonte,022,http://portalpbh.pbh.gov.br/pbh/ecp/files.do?evento=download&urlArqPlc=res_022-98.pdf,Aprova a realização ambulatorial de Facectomia com Lente Intra-Ocular.,1998
Belo Horizonte,023,http://portalpbh.pbh.gov.br/pbh/ecp/files.do?evento=download&urlArqPlc=res_023-98.pdf,"Aprova os termos da Portaria da Secretaria Municipal de Saúde, nº015 de 28 de maio de 1998.",1998
Belo Horizonte,024,http://portalpbh.pbh.gov.br/pbh/ecp/files.do?evento=download&urlArqPlc=res_024-98.pdf,Autoriza do pagamento e valores para Patologia Clínica.,1998
Belo Horizonte,025,http://portalpbh.pbh.gov.br/pbh/ecp/files.do?evento=download&urlArqPlc=res_025-98.pdf,Autoriza a concessão de diária hospitalar pelo SUS/BH.,1998
Belo Horizonte,026,http://portalpbh.pbh.gov.br/pbh/ecp/files.do?evento=download&urlArqPlc=res_026-98.pdf,"Aprova o Relatório de Gestão da Secretaria Municipal de Saúde, referente ao período de janeiro a dezembro de 1997.",1998
Belo Horizonte,027,http://portalpbh.pbh.gov.br/pbh/ecp/files.do?evento=download&urlArqPlc=res_027-98.pdf,"Aprova a Prestação de Contas do Fundo Municipal de Saúde de Belo Horizonte, referente ao período de janeiro a dezembro de 1997.",1998
Belo Horizonte,028,http://portalpbh.pbh.gov.br/pbh/ecp/files.do?evento=download&urlArqPlc=res_028-982.pdf,Assegura a realização plenária de conselheiros municipais e distritais usuários,1998
Belo Horizonte,029,http://portalpbh.pbh.gov.br/pbh/ecp/files.do?evento=download&urlArqPlc=res_029-98.pdf,Aprova o Plano Municipal de Combate às Carências Nutricionais da Secretaria Municipal de Saúde de Belo Horizonte referente ao ano de 1998.,1998
Belo Horizonte,030,http://portalpbh.pbh.gov.br/pbh/ecp/files.do?evento=download&urlArqPlc=res_030-98.pdf,Aprova a prestação de contas do Fundo Municipal de Saúde de Belo Horizonte referente ao período de Janeiro a Junho de 1998.,1998
Belo Horizonte,031,http://portalpbh.pbh.gov.br/pbh/ecp/files.do?evento=download&urlArqPlc=res_031-98.pdf,Não fechamento da UPA Venda Nova.,1998
Belo Horizonte,015,http://portalpbh.pbh.gov.br/pbh/ecp/files.do?evento=download&urlArqPlc=res_015-97.pdf,Constitui a Comissão Municipal de Saúde do Trabalhador,1997
Belo Horizonte,016,http://portalpbh.pbh.gov.br/pbh/ecp/files.do?evento=download&urlArqPlc=res_016-97.pdf,"Aprova Relatório de Gestão da Secretaria Municipal de Saúde, referente ao ano de 1996.",1997
Belo Horizonte,017,http://portalpbh.pbh.gov.br/pbh/ecp/files.do?evento=download&urlArqPlc=res_017-97.pdf,"Aprova a prestação de contas do Fundo Municipal de Saúde, referente ao período de janeiro a dezembro de 1996.",1997
Belo Horizonte,018,http://portalpbh.pbh.gov.br/pbh/ecp/files.do?evento=download&urlArqPlc=res_018-97.pdf,Aprova quadros nas unidades de saúde com o nome dos trabalhadores.,1997
Belo Horizonte,019,http://portalpbh.pbh.gov.br/pbh/ecp/files.do?evento=download&urlArqPlc=res_019-972.pdf,Realização de plenárias municipais e distritais de conselheiros trabalhadores.,1997
Belo Horizonte,020,http://portalpbh.pbh.gov.br/pbh/ecp/files.do?evento=download&urlArqPlc=res_020-97.pdf,Aprova Proposta Orçamentária do Fundo Municipal de Saúde para 1998.,1997
Belo Horizonte,001,http://portalpbh.pbh.gov.br/pbh/ecp/files.do?evento=download&urlArqPlc=res_001-96.pdf,Adia a realização Vº Conferencia Municipal de Saúde de Belo Horizonte para o período de 25 a 28 de abril de 1996.,1996
Belo Horizonte,002,http://portalpbh.pbh.gov.br/pbh/ecp/files.do?evento=download&urlArqPlc=res_002-96.pdf,Aprova a prestação de contas da Secretaria Municipal de Saúde de Belo Horizonte do ano.,1996
Belo Horizonte,011,http://portalpbh.pbh.gov.br/pbh/ecp/files.do?evento=download&urlArqPlc=res_011-96.pdf,"Emite de parecer sobre a apresentação de contas dos recursos aplicados no setor saúde em Belo Horizonte, pela Secretaria Municipal de Saúde.",1996
Belo Horizonte,012,http://portalpbh.pbh.gov.br/pbh/ecp/files.do?evento=download&urlArqPlc=res_012-96.pdf,Cria a Comissão Municipal de Saúde.,1996
Belo Horizonte,013,http://portalpbh.pbh.gov.br/pbh/ecp/files.do?evento=download&urlArqPlc=res_013-96.pdf,Amplia a autonomia administrativa e financeira da Secretaria Municipal de Saúde na gestão dos recursos do Fundo Municipal de Saúde.,1996
Belo Horizonte,014,http://portalpbh.pbh.gov.br/pbh/ecp/files.do?evento=download&urlArqPlc=res_014-96.pdf,"Aprova a complementação da Tabela Nacional de Procedimentos para o atendimento aos recém-nascidos em instituições conveniadas, contratadas e públicas do SUS.",1996
Belo Horizonte,001,http://portalpbh.pbh.gov.br/pbh/ecp/files.do?evento=download&urlArqPlc=res_001-95.pdf,Aprova a prestação de contas da SMSA,1995
Belo Horizonte,002,http://portalpbh.pbh.gov.br/pbh/ecp/files.do?evento=download&urlArqPlc=res_002-95.pdf,Considera a transformação do Hospital João XXIII em unidade do SERMUR,1995
Belo Horizonte,003,http://portalpbh.pbh.gov.br/pbh/ecp/files.do?evento=download&urlArqPlc=res_003-95.pdf,Considera fundamental o investimento da SMSA na área de saúde do trabalhador,1995
Belo Horizonte,004,http://portalpbh.pbh.gov.br/pbh/ecp/files.do?evento=download&urlArqPlc=res_004-95.pdf,Apoia o Projeto de Saúde Mental da SMSA,1995
Belo Horizonte,005,http://portalpbh.pbh.gov.br/pbh/ecp/files.do?evento=download&urlArqPlc=res_005-95.pdf,Promove gestões junto a PBH favorecendo a municipalização do Hospital Julia Kubtschek,1995
Belo Horizonte,006,http://portalpbh.pbh.gov.br/pbh/ecp/files.do?evento=download&urlArqPlc=res_006-95.pdf,Aprova a compra de vales-transporte para conselheiros de saúde,1995
Belo Horizonte,007,http://portalpbh.pbh.gov.br/pbh/ecp/files.do?evento=download&urlArqPlc=res_007-95.pdf,"Encaminha ao Congresso Nacional documento afirmando a posição de que qualquer alteração no Capítulo da Saúde, na Constituição Federal, sem a manifestação da sociedade é ilegítima",1995
Belo Horizonte,008,http://portalpbh.pbh.gov.br/pbh/ecp/files.do?evento=download&urlArqPlc=res_008-95.pdf, Propõe que o orçamento do FMS seja elaborado a partir de ampla discussão com a população,1995
Belo Horizonte,009,http://portalpbh.pbh.gov.br/pbh/ecp/files.do?evento=download&urlArqPlc=res_009-95.pdf,"Aprova a prestação de contas da SMSA, referente ao ano de 1995",1995
Belo Horizonte,010,http://portalpbh.pbh.gov.br/pbh/ecp/files.do?evento=download&urlArqPlc=res_010-95.pdf,Convoca a V Conferência Municipal de Saúde,1995
Belo Horizonte,001,http://portalpbh.pbh.gov.br/pbh/ecp/files.do?evento=download&urlArqPlc=res_001-92.pdf,Altera e acrescenta dispositivos legais no Regimento Interno do Conselho Municipal de Saúde.,1993
Belo Horizonte,312,http://portalpbh.pbh.gov.br/pbh/ecp/files.do?evento=download&urlArqPlc=res_312-11_pro-saude-pet-saude.pdf," Aprova as Propostas de Formação Profissional, Programa de Formação Profissional em Saúde (Pró- Saúde III) da UFMG, da PUC Minas e da Faculdade de Ciências Médicas ",2012
Belo Horizonte,313,http://portalpbh.pbh.gov.br/pbh/ecp/files.do?evento=download&urlArqPlc=resolucao_313.pdf, Aprovar o Relatório Orçamentário e Financeiro do Hospital Municipal Odilon Behrens referente ao ano de 2011,2012
Belo Horizonte,314,http://portalpbh.pbh.gov.br/pbh/ecp/files.do?evento=download&urlArqPlc=res_314.pdf," Aprova o Relatório Financeiro do Fundo Municipal de Saúde/Secretaria Municipal de Saúde de Belo Horizonte, referente ao exercício financeiro de 2011",2012
Belo Horizonte,315,http://portalpbh.pbh.gov.br/pbh/ecp/files.do?evento=download&urlArqPlc=315.pdf,"Aprova o Termo de Adesão da Unidade Santa Lúcia, do complexo da Fundação Hospitalar São Francisco de Assis à rede 100% SUS – BH",2012
Belo Horizonte,316,http://portalpbh.pbh.gov.br/pbh/ecp/files.do?evento=download&urlArqPlc=316.pdf,Aprova a criação da Comissão Eleitoral para a renovação do Conselho Municipal de Saúde de Belo Horizonte para o biênio 2012/2014,2012
Belo Horizonte,317,http://portalpbh.pbh.gov.br/pbh/ecp/files.do?evento=download&urlArqPlc=317.pdf,Aprova a Revisão do Escopo do Projeto de Qualificação da Infraestrutura da Atenção Primária à Saúde,2012
Belo Horizonte,318,http://portalpbh.pbh.gov.br/pbh/ecp/files.do?evento=download&urlArqPlc=res_318-12.pdf,"Aprova a criação de um Núcleo pela Revitalização da Bacia do Isidoro, solicita a SLU a efetiva coleta do lixo em toda a cidade, solicita à COPASA a interceptação de todos os esgotos, solicita a efetiva aplicação pela Secretaria Municipal de Meio Ambiente de uma política ambiental municipal",2012
Belo Horizonte,319,http://portalpbh.pbh.gov.br/pbh/ecp/files.do?evento=download&urlArqPlc=319.pdf,Aprova a alteração do item 2. da Resolução CMS/BH – 241/08,2012
Belo Horizonte,320,http://portalpbh.pbh.gov.br/pbh/ecp/files.do?evento=download&urlArqPlc=320.pdf,Aprova a organização do processo de renovação do CMS/BH para a gestão 2012/2014,2012
Belo Horizonte,321,http://portalpbh.pbh.gov.br/pbh/ecp/files.do?evento=download&urlArqPlc=321.pdf,"Aprova a publicação do Edital de Chamamento Público que visa divulgar prazos, processo e normas para renovação do CMS-BH, CDS’s e CLS’s gestão 2012/2014",2012
Belo Horizonte,322,http://portalpbh.pbh.gov.br/pbh/ecp/files.do?evento=download&urlArqPlc=res_322-12_-_rag_2011.pdf,"Aprova o Relatório Anual de Gestão da Secretaria Municipal de Saúde de Belo Horizonte SMSA/SUS-BH, referente ao ano de 2011",2012
Belo Horizonte,323,http://portalpbh.pbh.gov.br/pbh/ecp/files.do?evento=download&urlArqPlc=res_323-12_-_ampliacao_do_nasf_.pdf,Aprova o Projeto de Ampliação dos Núcleos de Apoio à Saúde da Família,2012
Belo Horizonte,324,http://portalpbh.pbh.gov.br/pbh/ecp/files.do?evento=download&urlArqPlc=res_324-12_-_minuta_de_resolucao.pdf,Aprova o relatório final da XI Conferência Municipal de Saúde,2012
Belo Horizonte,325,http://portalpbh.pbh.gov.br/pbh/ecp/files.do?evento=download&urlArqPlc=res_325-12_-_santa_casa.pdf,Aprova que a Secretaria Municipal de Saúde mude os termos do aditivo com o Hospital Santa Casa de Belo Horizonte,2012
Belo Horizonte,326,http://portalpbh.pbh.gov.br/pbh/ecp/files.do?evento=download&urlArqPlc=res_326-12__proposta_orcamentaria_hob_2013.pdf,Aprova a Proposta Orçamentária do Hospital Municipal Odilon Behrens para o exercício financeiro de 2013,2012
Belo Horizonte,327,http://portalpbh.pbh.gov.br/pbh/ecp/files.do?evento=download&urlArqPlc=res_327-12__indicadores_saude_em_casa.pdf,Altera os valores das metas dos indicadores quadrimestrais dos recursos do Projeto Estruturador Saúde em Casa da SESMG,2012
Belo Horizonte,328,http://portalpbh.pbh.gov.br/pbh/ecp/files.do?evento=download&urlArqPlc=res_328-11.mesa_diretora_2012-2013.pdf,Elege a Mesa Diretora do Conselho Municipal de Saúde para o período de 16 de agosto de 2012 a 16 de agosto de 2013,2012
Belo Horizonte,329,http://portalpbh.pbh.gov.br/pbh/ecp/files.do?evento=download&urlArqPlc=res_329-12__melhorias_para_os_trabalhadores.pdf,"Recomenda a SMSA a realizar ações efetivas a fim de melhorar a sistema de informatização na rede, promove a qualificação dos ACS´s para operar o sistema de cadastros de usuários",2012
Belo Horizonte,330,http://portalpbh.pbh.gov.br/pbh/ecp/files.do?evento=download&urlArqPlc=res_330-11_-_ploa_2013.pdf,Aprova a Proposta da Lei Orçamentária Anual para o ano de 2013,2012
Belo Horizonte,331,http://portalpbh.pbh.gov.br/pbh/ecp/files.do?evento=download&urlArqPlc=res_331-11_-_procedimentos.pdf,Aprova a inclusão do procedimento de Alta Complexidade; aprova o inclusão do procedimento 0408050055 no projeto de cirurgias eletivas; aprova a linha de cuidado de Nefrourolitíase,2012
Belo Horizonte,332,http://portalpbh.pbh.gov.br/pbh/ecp/files.do?evento=download&urlArqPlc=res_332-12_-_novo_escopo_ppp_atencao_basica.pdf,Aprova o Novo Escopo do Projeto de Parceria Público Privada para reestruturação e qualificação da atenção primária do município de Belo Horizonte,2012
Belo Horizonte,333,http://portalpbh.pbh.gov.br/pbh/ecp/files.do?evento=download&urlArqPlc=res_333-12._pacto_de_saude_2012.pdf,Aprova os indicadores do Pacto pela Saúde/Pacto pela Vida para 2012,2012
Belo Horizonte,290,http://portalpbh.pbh.gov.br/pbh/ecp/files.do?evento=download&urlArqPlc=res_290-11_.pdf,Aprova o Programa de Educação pelo Trabalho da Saúde (PET-Saúde) da PUC Minas,2011
Belo Horizonte,291,http://portalpbh.pbh.gov.br/pbh/ecp/files.do?evento=download&urlArqPlc=res_291-11_.pdf,Aprova o Programa de Educação pelo Trabalho da Saúde (PET-Saúde) da UFMG,2011
Belo Horizonte,292,http://portalpbh.pbh.gov.br/pbh/ecp/files.do?evento=download&urlArqPlc=res_292-11-_ppp_nas_ubs_31-03-2011.pdf,"Aprova a proposta de implantação da Parceria Público Privada para a construção, reestruturação e readequação do espaço físico, mobiliário e equipamentos das Unidades Básicas de Saúde de Belo Horizonte",2011
Belo Horizonte,293,http://portalpbh.pbh.gov.br/pbh/ecp/files.do?evento=download&urlArqPlc=res_293-11.pdf,Aprova que qualquer delegação de fiscalização e vigilância sanitária e vigilância em saúde devem ser realizado mediante prévia apreciação e aprovação pelo CMSBH,2011
Belo Horizonte,294,http://portalpbh.pbh.gov.br/pbh/ecp/files.do?evento=download&urlArqPlc=res_294-11.pdf,Aprova o incentivo financeiro para o Centro de Atenção Psicossocial Álcool e Drogas/CAPS,2011
Belo Horizonte,295,http://portalpbh.pbh.gov.br/pbh/ecp/files.do?evento=download&urlArqPlc=res_295-11-_regulamento_xi_conf.pdf,Aprova o Regulamento da 11ª Conferência Municipal de Saúde de Belo Horizonte,2011
Belo Horizonte,296,http://portalpbh.pbh.gov.br/pbh/ecp/files.do?evento=download&urlArqPlc=res_296-11.pdf,"Aprova o Relatório de Gestão da Secretaria Municipal de Saúde de Belo Horizonte, referente ao ano de 2010 e a Programação Anual de Saúde da Secretaria Municipal de Saúde de Belo Horizonte, referente ao ano de 2011",2011
Belo Horizonte,297,http://portalpbh.pbh.gov.br/pbh/ecp/files.do?evento=download&urlArqPlc=res_297-11.pdf,"Aprova o Plano de Ações e Metas DST/AIDS da Secretaria Municipal de Saúde de Belo Horizonte, referente ao ano de 2011",2011
Belo Horizonte,298,http://portalpbh.pbh.gov.br/pbh/ecp/files.do?evento=download&urlArqPlc=res_298-11.pdf,"Aprova o Relatório Financeiro do Hospital Municipal Odilon Behrens, referente ao exercício financeiro de 2010",2011
Belo Horizonte,299,http://portalpbh.pbh.gov.br/pbh/ecp/files.do?evento=download&urlArqPlc=res_299-11.pdf,"Aprova o Relatório Financeiro do Fundo Municipal de Saúde de Belo Horizonte, referente ao exercício financeiro de 2010",2011
Belo Horizonte,300,http://portalpbh.pbh.gov.br/pbh/ecp/files.do?evento=download&urlArqPlc=res_300-11.pdf,"Revalida a Resolução CMS/BH 265/09 que aprovou a proposta para o pagamento diferenciado dos exames de Ecocardiografia Transtorácica, Teste Ergométrico, Linfocintilografia, Colonoscopia e Esofagoduodenoscopia",2011
Belo Horizonte,301,http://portalpbh.pbh.gov.br/pbh/ecp/files.do?evento=download&urlArqPlc=res_301-11.pdf,Ressalva a meta mínima de oferta à Central de Marcação de Consultas e valor do incentivo do  procedimento Esofagogastroduodenoscopia,2011
Belo Horizonte,302,http://portalpbh.pbh.gov.br/pbh/ecp/files.do?evento=download&urlArqPlc=res_302-11.pdf,"Aprova a proposta para pagamento diferenciado dos exames de Biópsias dirigidas por Ultrassom para retirada de fragmentos (Core Biopsy), Holter, Urodinâmica, US Globo Ocular e Videodeglutograma",2011
Belo Horizonte,303,http://portalpbh.pbh.gov.br/pbh/ecp/files.do?evento=download&urlArqPlc=res_303-11.pdf,Elege a Mesa Diretora do Conselho Municipal de Saúde para o período de 18 de agosto de 2011 a 18 de agosto de 2012,2011
Belo Horizonte,304,http://portalpbh.pbh.gov.br/pbh/ecp/files.do?evento=download&urlArqPlc=res_304-11.pdf,Aprovar a Proposta de lei Orçamentária Anual para o ano de 2012,2011
Belo Horizonte,305,http://portalpbh.pbh.gov.br/pbh/ecp/files.do?evento=download&urlArqPlc=res_305-11_-comissao_de_mudanca_do_regimento.pdf,"Altera a resolução CMSBH-288/2010, que cria a Comissão Especial de Trabalho, devido a nova composição da Mesa Diretora do CMSBH",2011
Belo Horizonte, 306,, ,2011
Belo Horizonte,307,http://portalpbh.pbh.gov.br/pbh/ecp/files.do?evento=download&urlArqPlc=res_307-11_-_ppp_atencao_basica.pdf,Aprova o Edital/Contrato do Projeto de Parceria Público Privada na Qualificação da Atenção Primária,2011
Belo Horizonte,308,http://portalpbh.pbh.gov.br/pbh/ecp/files.do?evento=download&urlArqPlc=res_308-11.pdf,Aprova critérios para distribuição de vale refeição aos conselheiros municipais de saúde,2011
Belo Horizonte,309,http://portalpbh.pbh.gov.br/pbh/ecp/files.do?evento=download&urlArqPlc=res_309-11.pdf,Aprova a Proposta de credenciamento das novas unidades do Centro de Especialidades Odontológicas,2011
Belo Horizonte,310,http://portalpbh.pbh.gov.br/pbh/ecp/files.do?evento=download&urlArqPlc=res_310-11.pdf,Aprova a Proposta Orçamentária do Hospital Municipal Odilon Behrens para o exercício financeiro de 2012,2011
Belo Horizonte,311,http://portalpbh.pbh.gov.br/pbh/ecp/files.do?evento=download&urlArqPlc=res_311-11.pdf,Aprova a proposta de ampliação do acesso aos procedimentos cirúrgicos eletivos,2011
Belo Horizonte,267,http://portalpbh.pbh.gov.br/pbh/ecp/files.do?evento=download&urlArqPlc=res_267-10.doc.pdf,"Aprova o Plano de Ações e Metas DST/AIDS da Secretaria Municipal de Saúde de Belo Horizonte, referente ao ano de 2010",2010
Belo Horizonte,268,http://portalpbh.pbh.gov.br/pbh/ecp/files.do?evento=download&urlArqPlc=res_268-10.doc.pdf,Aprova o Projeto do Centro de Referência em Saúde Mental da Infância e Adolescente (CERSAMI Noroeste) e do Centro de Referência em Saúde Mental para usuários de álcool e outras drogas,2010
Belo Horizonte,269,http://portalpbh.pbh.gov.br/pbh/ecp/files.do?evento=download&urlArqPlc=res_269-09_.doc.pdf,"Aprova o Programa de Educação pelo Trabalho da Saúde (PET-Saúde), da Faculdade de Ciências Médicas de Minas Gerais/FELUMA",2010
Belo Horizonte,270,http://portalpbh.pbh.gov.br/pbh/ecp/files.do?evento=download&urlArqPlc=res_270-09_.doc.pdf,Aprova a Municipalização do Hospital Nossa Senhora Aparecida,2010
Belo Horizonte,271,http://portalpbh.pbh.gov.br/pbh/ecp/files.do?evento=download&urlArqPlc=res_271-10.doc.pdf,Aprova o Protocolo de Intenções para criação do Consórcio Intermunicipal Aliança para a Saúde,2010
Belo Horizonte,272,http://portalpbh.pbh.gov.br/pbh/ecp/files.do?evento=download&urlArqPlc=res_272-10.doc.pdf,Aprova a minuta da lei autorizativa que outorga a concessão de obras e serviços de apoio ao funcionamento do Hospital Metropolitano,2010
Belo Horizonte,273,http://portalpbh.pbh.gov.br/pbh/ecp/files.do?evento=download&urlArqPlc=res_273-10.doc.pdf,"Aprova o Pacto pela Saúde/Pacto pela Vida, para o biênio de 2010-2011",2010
Belo Horizonte,274,http://portalpbh.pbh.gov.br/pbh/ecp/files.do?evento=download&urlArqPlc=res_274-10.pdf,"Aprova o Relatório Financeiro do Fundo Municipal de Saúde/Secretaria Municipal de Saúde de Belo Horizonte, referente ao exercício financeiro de 2009",2010
Belo Horizonte,275,http://portalpbh.pbh.gov.br/pbh/ecp/files.do?evento=download&urlArqPlc=res_275-10.doc.pdf,"Aprova o Relatório Financeiro do Hospital Municipal Odilon Behrens, referente ao exercício financeiro de 2009",2010
Belo Horizonte,276 ,,Aprova a criação da Comissão Eleitoral para a renovação do Conselho Municipal de Saúde de Belo Horizonte para o biênio 2010/2012,2010
Belo Horizonte,277,http://portalpbh.pbh.gov.br/pbh/ecp/files.do?evento=download&urlArqPlc=res_277-10.doc.pdf,"Aprova o calendário para a renovação dos conselhos municipal, distritais e comissões locais de saúde de Belo Horizonte, para o biênio 2010/2012",2010
Belo Horizonte,278,http://portalpbh.pbh.gov.br/pbh/ecp/files.do?evento=download&urlArqPlc=res_278-10_projeto_residencia_multiprofissional_hob.doc.pdf,Aprova o projeto Residência Multiprofissional em Saúde do Hospital Odilon Behrens,2010
Belo Horizonte,279,http://portalpbh.pbh.gov.br/pbh/ecp/files.do?evento=download&urlArqPlc=res_279-10_visa.doc.pdf,Aprova o Plano Anual de Ações da Vigilância Sanitária para 2010,2010
Belo Horizonte,280,http://portalpbh.pbh.gov.br/pbh/ecp/files.do?evento=download&urlArqPlc=res_280-10_rag.doc.pdf,"Aprova o relatório de gestão da Secretaria Municipal de Saúde de Belo Horizonte SMSA/SUS-BH, referente ao ano de 2009",2010
Belo Horizonte,281,http://portalpbh.pbh.gov.br/pbh/ecp/files.do?evento=download&urlArqPlc=res_281-10_-_projeto_sta_casa.doc.pdf,Aprova o Projeto da Santa Casa 1000 Leitos SUS,2010
Belo Horizonte,282,http://portalpbh.pbh.gov.br/pbh/ecp/files.do?evento=download&urlArqPlc=res_282-10_-_sobre_sec._exec.doc.pdf,Determinar que as dependências físicas da Secretaria Executiva do Conselho Municipal de Saúde de Belo Horizonte é um espaço reservado exclusivamente para os serviços administrativos deste conselho,2010
Belo Horizonte,283,http://portalpbh.pbh.gov.br/pbh/ecp/files.do?evento=download&urlArqPlc=res_283-10__-_projeto_olhar_brasil.doc.pdf,Aprova o Projeto Olhar Brasil,2010
Belo Horizonte,284 ,,Implantar a capacitação para os profissionais de nível médio e fundamental da saúde,2010
Belo Horizonte,285 ,http://portalpbh.pbh.gov.br/pbh/ecp/files.do?evento=download&urlArqPlc=res_285-10_plano_leishimaniose.doc.pdf,Aprova o Plano Municipal de Intensificação das Ações de Vigilância e Controle da Leishmaniose Visceral 2010,2010
Belo Horizonte,286,http://portalpbh.pbh.gov.br/pbh/ecp/files.do?evento=download&urlArqPlc=res_286-10.pdf,Aprova o Planejamento de Saúde de Belo Horizonte 2010/2013,2010
Belo Horizonte,287,http://portalpbh.pbh.gov.br/pbh/ecp/files.do?evento=download&urlArqPlc=res_287-10_-_loa_2011.pdf,Aprova a Peça Orçamentária do Fundo Municipal de Saúde de Belo Horizonte para o exercício financeiro de 2011,2010
Belo Horizonte,288,http://portalpbh.pbh.gov.br/pbh/ecp/files.do?evento=download&urlArqPlc=res_288-10_-comissao_de_mudanca_do_regimento.pdf,Cria a Comissão Especial de Trabalho com o objetivo de reorganizar e reordenar o CMSBH e de suas instâncias internas,2010
Belo Horizonte,289,http://portalpbh.pbh.gov.br/pbh/ecp/files.do?evento=download&urlArqPlc=res_289-10-_termo_de_adesao_100%_sus.pdf,Aprova o Termo de Adesão do Hospital Universitário São José e Hospital São Francisco de Assis à rede 100% SUS – BH,2010
Belo Horizonte,250,http://portalpbh.pbh.gov.br/pbh/ecp/files.do?evento=download&urlArqPlc=res_250-09.pdf,"Aprova o plano de ações e metas DST/AIDS da SMSA, referente ao no de 2009",2009
Belo Horizonte,251,http://portalpbh.pbh.gov.br/pbh/ecp/files.do?evento=download&urlArqPlc=res_251-09.pdf,"Aprova o Plano de Ação Local da Vigilância Sanitária, referente ao ano de 2009",2009
Belo Horizonte,252,http://portalpbh.pbh.gov.br/pbh/ecp/files.do?evento=download&urlArqPlc=res_252-09.pdf,Determina que as sedes da secretaria executivas dos conselhos distritais sejam remanejas somente para locais com mais espaço estrutura e independência,2009
Belo Horizonte,253,http://portalpbh.pbh.gov.br/pbh/ecp/files.do?evento=download&urlArqPlc=res_253-09-sec.execu.doc.pdf,Aprova a normatização da seleção de funcionários da Secretaria Executiva do CMS,2009
Belo Horizonte,254,http://portalpbh.pbh.gov.br/pbh/ecp/files.do?evento=download&urlArqPlc=res_254-09.doc.pdf,Aprova o regulamento da I Conferência Municipal de Saúde Ambiental,2009
Belo Horizonte,255,http://portalpbh.pbh.gov.br/pbh/ecp/files.do?evento=download&urlArqPlc=res_255-09-cirurgias_eletiva.doc.pdf,Aprova a implantação da suplementação da tabela do SUS do Projeto de Cirurgias Eletivas da SMSA,2009
Belo Horizonte,256,http://portalpbh.pbh.gov.br/pbh/ecp/files.do?evento=download&urlArqPlc=res_256-09_-_dotacao_orcamentaria_corrigida_30-09-2009.pdf,Aprova a normatização dos prazos da apresentação do Planejamento Financeiro para os conselhos distritais e CMS,2009
Belo Horizonte,257,http://portalpbh.pbh.gov.br/pbh/ecp/files.do?evento=download&urlArqPlc=res_257-09-projetogeotrans_corrigida_26-10-2009[1].doc.pdf,Aprova a reformulação de plano de trabalho relativo à Vigilância e Prevenção de,2009
Belo Horizonte,258,http://portalpbh.pbh.gov.br/pbh/ecp/files.do?evento=download&urlArqPlc=res_258-09-projetogeotrans.doc.pdf,Aprova que o auditório da SMSA seja denominado a partir desta data “Plenário Conselheiros Evaristo Garcia”,2009
Belo Horizonte,259,http://portalpbh.pbh.gov.br/pbh/ecp/files.do?evento=download&urlArqPlc=res_259-09.doc.pdf,Aprova a reformulação de plano de trabalho relativo à Vigilância e Prevenção de,2009
Belo Horizonte,260,http://portalpbh.pbh.gov.br/pbh/ecp/files.do?evento=download&urlArqPlc=res_260_-_09_corrigida_-_26-10-2009.doc.pdf,Aprova a proposta orçamentária do HOBpara o exercício o financeiro de 2010,2009
Belo Horizonte,261,http://portalpbh.pbh.gov.br/pbh/ecp/files.do?evento=download&urlArqPlc=res_261-09.doc.pdf,Aprova a proposta orçamentária do Fundo Municipal de Saúde para o exercício financeiro de 2010,2009
Belo Horizonte,262,http://portalpbh.pbh.gov.br/pbh/ecp/files.do?evento=download&urlArqPlc=res_262-09.doc.pdf,"Autoriza a manutenção de pagamento diferenciado dos exames de média complexidade em Cardiologia (Ecocardiograma, Teste Ergométrico e Holter)",2009
Belo Horizonte,263,http://portalpbh.pbh.gov.br/pbh/ecp/files.do?evento=download&urlArqPlc=res_263-09.doc.pdf,Aprova o Plano Plurianual de Ação Governamental (PPAG) para exercício de 2010 – 2013,2009
Belo Horizonte,264,http://portalpbh.pbh.gov.br/pbh/ecp/files.do?evento=download&urlArqPlc=res_265-09_.doc.pdf,"Aprova o Programa de Ação Municipal da Prefeitura de BH de Assistência Integral à Saúde de Adolescentes em conflito com a Lei, em regime de Internação Provisória",2009
Belo Horizonte,265,http://portalpbh.pbh.gov.br/pbh/ecp/files.do?evento=download&urlArqPlc=res_265-09_.doc.pdf,"Aprova manter o pagamento diferenciado dos exames de Ecocardiografia Transtorácica, Teste Ergometrico e Linfocintilografia e incluir o pagamento diferenciado para Colonoscopia e Esofagoduodenoscopia",2009
Belo Horizonte,266,http://portalpbh.pbh.gov.br/pbh/ecp/files.do?evento=download&urlArqPlc=res_266-09_.doc.pdf,Aprova o Programa de Educação pelo Trabalho da Saúde PET-Saúde da  UFMG,2009
Belo Horizonte,218,http://portalpbh.pbh.gov.br/pbh/ecp/files.do?evento=download&urlArqPlc=res_218-08.pdf,Aprova o projeto Estruturação de Unidade de Atenção Especializada em Saúde – Unidade de Esterilização,2008
Belo Horizonte,219,http://portalpbh.pbh.gov.br/pbh/ecp/files.do?evento=download&urlArqPlc=res_219-08.pdf,Aprova o projeto Atenção à Saúde de População Estratégica em situações de agravos,2008
Belo Horizonte,220,http://portalpbh.pbh.gov.br/pbh/ecp/files.do?evento=download&urlArqPlc=res_220-08.pdf,Aprova o Projeto de Humanização na Atenção e Gestão do Hospital Odilon Behrens – Ampliação do acesso à informação,2008
Belo Horizonte,221,http://portalpbh.pbh.gov.br/pbh/ecp/files.do?evento=download&urlArqPlc=res_221-08.pdf,"Aprova o Plano de Ações e Metas DST/AIDS, do ano de 2008",2008
Belo Horizonte,222,http://portalpbh.pbh.gov.br/pbh/ecp/files.do?evento=download&urlArqPlc=res_222-08.pdf,Aprova o Plano Local de Vigilância Sanitária para 2008,2008
Belo Horizonte,223,http://portalpbh.pbh.gov.br/pbh/ecp/files.do?evento=download&urlArqPlc=res_223-08.pdf,"Aprova o Relatório do Fundo Municipal de Saúde, referente ao ano de 2007",2008
Belo Horizonte,224,http://portalpbh.pbh.gov.br/pbh/ecp/files.do?evento=download&urlArqPlc=res_224-08.pdf,"Aprova o Relatório Financeiro do Hospital Municipal Odilon Behrens, referente ao ano de 2007",2008
Belo Horizonte,225,http://portalpbh.pbh.gov.br/pbh/ecp/files.do?evento=download&urlArqPlc=res_225-08.pdf,Aprova o Projeto de Implantação dos Núcleos de Apoio à Saúde da Família – NASF,2008
Belo Horizonte,226,http://portalpbh.pbh.gov.br/pbh/ecp/files.do?evento=download&urlArqPlc=res_226-08.pdf,"Aprova o relatório de gestão da Secretaria Municipal de Saúde, referente ao ano 2007",2008
Belo Horizonte,227,http://portalpbh.pbh.gov.br/pbh/ecp/files.do?evento=download&urlArqPlc=res_227-08.pdf,Aprova o Plano Municipal de Saúde de Belo Horizonte 2007/2009 (revisado),2008
Belo Horizonte,228,http://portalpbh.pbh.gov.br/pbh/ecp/files.do?evento=download&urlArqPlc=res_228-08.pdf,Aprova o Relatório de Indicadores de Monitoramento e Avaliação do Pacto pela Saúde – Pacto pela Vida 2008,2008
Belo Horizonte,229,http://portalpbh.pbh.gov.br/pbh/ecp/files.do?evento=download&urlArqPlc=res_229-08.pdf,"Autoriza a manutenção da definição deste Conselho de pagamento diferenciado dos exames Ecocardiograma e Teste Ergométrico, constante na Resolução – 217/07",2008
Belo Horizonte,230,http://portalpbh.pbh.gov.br/pbh/ecp/files.do?evento=download&urlArqPlc=res_230-08.pdf,Aprova o Plano de Intensificação de Combate à Dengue da Secretaria Municipal de Saúde de Belo Horizonte,2008
Belo Horizonte,231,http://portalpbh.pbh.gov.br/pbh/ecp/files.do?evento=download&urlArqPlc=res_231-08.pdf,Aprova as plenárias para renovação do Conselho Municipal de Saúde de Belo Horizonte para o biênio julho/2008 a julho 2010,2008
Belo Horizonte,232,http://portalpbh.pbh.gov.br/pbh/ecp/files.do?evento=download&urlArqPlc=res_232-08.pdf,Ampliação na qualificação de Equipes de Saúde da Família (ESF),2008
Belo Horizonte,233,http://portalpbh.pbh.gov.br/pbh/ecp/files.do?evento=download&urlArqPlc=res_233-08.pdf,Aprova a proposta de ampliação na qualificação de Equipes de Saúde da Família (ESF),2008
Belo Horizonte,234,http://portalpbh.pbh.gov.br/pbh/ecp/files.do?evento=download&urlArqPlc=res_234-08.pdf,Aprova o Projeto de Investimento para Subsistema de Vigilância em Saúde,2008
Belo Horizonte,235,http://portalpbh.pbh.gov.br/pbh/ecp/files.do?evento=download&urlArqPlc=res_235-08.pdf,Aprova a proposta de Política de Saúde da População Negra de Belo Horizonte,2008
Belo Horizonte,236,http://portalpbh.pbh.gov.br/pbh/ecp/files.do?evento=download&urlArqPlc=res_236-08.pdf,Aprova o Plano Municipal de Saúde do Trabalhador de Belo Horizonte e área de abrangência,2008
Belo Horizonte,237,http://portalpbh.pbh.gov.br/pbh/ecp/files.do?evento=download&urlArqPlc=res_237-08.pdf,Aprova a Proposta Orçamentária do Fundo Municipal de Saúde para o exercício financeiro de 2009,2008
Belo Horizonte,238,http://portalpbh.pbh.gov.br/pbh/ecp/files.do?evento=download&urlArqPlc=res_238-08.pdf,Aprova a Proposta Orçamentária do Hospital Municipal Odilon Behrens para o exercício financeiro de 2009,2008
Belo Horizonte,239,http://portalpbh.pbh.gov.br/pbh/ecp/files.do?evento=download&urlArqPlc=res_239-08.pdf,Aprova a criação do Colegiado das Mesas Diretoras dos Conselhos Municipais e Distritais de Saúde de Belo Horizonte,2008
Belo Horizonte,240,http://portalpbh.pbh.gov.br/pbh/ecp/files.do?evento=download&urlArqPlc=res_240-08.pdf,Aprova que os conselhos distritais de saúde sejam responsáveis pela prestação de contas das ações executadas reafirmando total independência dos níveis municipal e distrital de controle social,2008
Belo Horizonte,241,http://portalpbh.pbh.gov.br/pbh/ecp/files.do?evento=download&urlArqPlc=res_241-08.pdf,Estabelece critérios para participação de conselheiros do Conselho Municipal de Saúde de Belo Horizonte,2008
Belo Horizonte,242,http://portalpbh.pbh.gov.br/pbh/ecp/files.do?evento=download&urlArqPlc=res_242-08.pdf,Normatiza a utilização do veículo pelo Conselho Municipal de Saúde,2008
Belo Horizonte,243,http://portalpbh.pbh.gov.br/pbh/ecp/files.do?evento=download&urlArqPlc=res_243-08.pdf,Cria uma comissão para o acompanhamento da Política de Educação Permanente para o Controle Social,2008
Belo Horizonte,244,http://portalpbh.pbh.gov.br/pbh/ecp/files.do?evento=download&urlArqPlc=res_244-08.pdf,Aprova que os conselhos de saúde dos hospitais contratados pelo SUS-BH sejam vinculados ao Conselho Municipal de Saúde de Belo Horizonte,2008
Belo Horizonte,245,http://portalpbh.pbh.gov.br/pbh/ecp/files.do?evento=download&urlArqPlc=res_245-08.pdf,Aprova critérios para distribuição e utilização do cartão BHBUS e do Transporte Social pelos conselheiros Municipais e Distritais de Saúde,2008
Belo Horizonte,246,http://portalpbh.pbh.gov.br/pbh/ecp/files.do?evento=download&urlArqPlc=res_246-08.pdf,Aprova critérios para eleição de conselheiros municipais de Saúde,2008
Belo Horizonte,247,http://portalpbh.pbh.gov.br/pbh/ecp/files.do?evento=download&urlArqPlc=res_247-08.pdf,Aprova o Programa Saúde na Escola,2008
Belo Horizonte,248,http://portalpbh.pbh.gov.br/pbh/ecp/files.do?evento=download&urlArqPlc=res_248-08.pdf,Aprova o indicador de controle social,2008
Belo Horizonte,249,http://portalpbh.pbh.gov.br/pbh/ecp/files.do?evento=download&urlArqPlc=res-viajem_cmsbh_249-09.pdf,Aprova critérios para utilização de transporte aéreo pelo CMSBH,2008
Belo Horizonte,200,http://portalpbh.pbh.gov.br/pbh/ecp/files.do?evento=download&urlArqPlc=res_200-07.pdf,Aprova a criação da Comissão de Agentes Comunitários de Saúde e Agentes de Endemias.,2007
Belo Horizonte,201,http://portalpbh.pbh.gov.br/pbh/ecp/files.do?evento=download&urlArqPlc=res_201-07.pdf,Aprova a pré-projeto de custeio de cooperação técnica para qualificação da atenção à saúde das pessoas em situações de violência e outras causas externas.,2007
Belo Horizonte,202,http://portalpbh.pbh.gov.br/pbh/ecp/files.do?evento=download&urlArqPlc=res_202-07.pdf,Aprova o pré-projeto de custeio para promoção à atenção à saúde do adolescente e jovem.,2007
Belo Horizonte,203,http://portalpbh.pbh.gov.br/pbh/ecp/files.do?evento=download&urlArqPlc=res_203-07.pdf,Autoriza a contratação um prestador para exame de Colonoscopia,2007
Belo Horizonte,204,http://portalpbh.pbh.gov.br/pbh/ecp/files.do?evento=download&urlArqPlc=res_204-07.pdf,Aprova o projeto “Consolidação da Residência Medica em Medicina de Família e Comunidade do Hospital Odilon/Behrens/SMSA.,2007
Belo Horizonte,205,http://portalpbh.pbh.gov.br/pbh/ecp/files.do?evento=download&urlArqPlc=res_205-07.pdf,Aprova o Regulamento da IX Conferência Municipal de Saúde de Belo Horizonte – Etapa Municipal da 13º Conferência Nacional de Saúde.,2007
Belo Horizonte,206,http://portalpbh.pbh.gov.br/pbh/ecp/files.do?evento=download&urlArqPlc=res_206-07.pdf,"Aprova o relatório financeiro do Hospital Municipal Odilon Behrens, referente ao ano de 2006.",2007
Belo Horizonte,207,http://portalpbh.pbh.gov.br/pbh/ecp/files.do?evento=download&urlArqPlc=res_207-07.pdf,"Prorroga o efeito das resoluções, 097/2002, 122/2003,126/2004, 136/2004 e 177/2005.",2007
Belo Horizonte,208,http://portalpbh.pbh.gov.br/pbh/ecp/files.do?evento=download&urlArqPlc=res_208-07.pdf,Nomes dos membros que compôs a Comissão Organizadora da IX Conferência Municipal de Saúde e a modificação da resolução 205/2007.,2007
Belo Horizonte,209,http://portalpbh.pbh.gov.br/pbh/ecp/files.do?evento=download&urlArqPlc=res_209-07.pdf,"Aprova o relatório financeiro do Fundo Municipal de Saúde/Secretaria Municipal de Saúde de Belo Horizonte, do ano de 2006.",2007
Belo Horizonte,210,http://portalpbh.pbh.gov.br/pbh/ecp/files.do?evento=download&urlArqPlc=res_210-07.pdf,Aprova a adesão de Belo Horizonte ao Pacto pela Saúde.,2007
Belo Horizonte,211,http://portalpbh.pbh.gov.br/pbh/ecp/files.do?evento=download&urlArqPlc=res_211-07.pdf,Aprova o projeto para implantação do Programa de Internação Domiciliar (PID).,2007
Belo Horizonte,212,http://portalpbh.pbh.gov.br/pbh/ecp/files.do?evento=download&urlArqPlc=res_212-07.pdf,Aprova o relatório de gestão do Fundo Municipal de Saúde de Belo Horizonte/ SMSA referente a 2006.,2007
Belo Horizonte,213,http://portalpbh.pbh.gov.br/pbh/ecp/files.do?evento=download&urlArqPlc=res_213-07.pdf,Aprova a peça orçamentária do Fundo Municipal de Saúde/Secretaria Municipal de Saúde de Belo Horizonte para o exercício financeiro de 2008.,2007
Belo Horizonte,214,http://portalpbh.pbh.gov.br/pbh/ecp/files.do?evento=download&urlArqPlc=res_214-07.pdf,Aprova a peça orçamentária do Hospital Municipal Odilon Behrens para o exercício financeiro de 2008,2007
Belo Horizonte,215,http://portalpbh.pbh.gov.br/pbh/ecp/files.do?evento=download&urlArqPlc=res_215-07.pdf,Aprova o projeto Residência Multiprofissional em Saúde do Hospital Odilon Behrens.,2007
Belo Horizonte,216,http://portalpbh.pbh.gov.br/pbh/ecp/files.do?evento=download&urlArqPlc=res_216-07.pdf,"Aprova a complementação a ser feita pelo município de Belo Horizonte, visando o credenciamento de prestadores para viabilizar a oferta de próteses dentárias removíveis à população usuária do SUS-BH.",2007
Belo Horizonte,217,http://portalpbh.pbh.gov.br/pbh/ecp/files.do?evento=download&urlArqPlc=res_217-07.pdf,Autoriza a manutenção da definição deste Conselho de pagamento diferenciado dos exames de medica complexidade em Cardiologia.,2007
